fd14936b-9394-4f61-8e07-c0eb4a75a7fb,Rahul Rajendran,agagagdga
159931ab-a043-45b0-ac3f-5d81812e2aa3,Rahul Rajendran,adadfadf
61b89ae3-e10f-41b9-aeb0-c94688813abf,asdfa Rajendran,dfad2325
7fdf8f65-5d23-415f-bd5d-2f8f49bb7441,asdfytyuyuty,3535235325
deb746cd-ad53-42d3-805f-0750ecb055d4,trtuu545745,zxvxvxz
238a5a92-88a2-4005-85a7-32c8b75c06ab,etewt124214,vzvzvvzxv
d14eca40-50a4-4bda-9959-54ff603367db,Rahul Rajendran,sfasfas
a2534d73-3466-4da8-b4e7-47b97bba88b2,Rahul Rajendran,adsfaf
9ab1076d-83af-4bc4-990f-46edaaa8fbd4,Rahul Rajendran,afdfaf
81f0cbaf-50fb-48f2-a8bb-2065ef167940,Rahul Rajendran,safsaf
d237077c-d570-433f-9489-7a45f8b98805,Rahul Rajendran,safsaf
0020ffdf-20ae-4296-8e49-d4830bfe0de9,Rahul Rajendran,qerqe
97e65045-2b14-4689-a5b5-5ed93b5491db,Rahul Rajendran,r535235325
81fbddb6-5488-4134-ab96-4f566b89d5a1,Rahul Rajendran,adsfaf
971a8e8d-3203-4f7c-a3fb-5702949a586c,Rahul Rajendran,adsaaffda
22d8cf7d-f010-40e4-9310-5863814de10f,Rahul ewetwetwetew,dgsdgsdgsd
3d05f226-704b-4683-9702-948e21d75a59,,
19608ee4-03d5-45a3-859c-702fb0b34015,dsdfdsfsdff,sdfdsdf
6c9f2bb4-403a-4df9-887e-47815d27d736,Rahul Rajendran,asfafsa
a7228dda-4d34-4264-97ab-1605d9d1bfe7,Rahul Rajendran,dssdfdsf
7ddf1759-9c66-43fe-bde2-3070c392972d,Rahul Rajendran,qewrqerr
e1283331-6580-4458-81e5-fafa60d5f0eb,Rahul Rajendran,DDdD
ff32de6f-036f-4c92-b3cd-57e08bf48b72,Rahul Rajendran,sdasdda
8c9def3d-b5d7-47d7-92f0-0d3b91194495,Rahul Rajendran,dsfsdfs
518dd679-f5c0-4781-a614-85aeda77292a,Rahul Rajendran,sasfsfs
1ae20624-4640-47e2-ab81-8bb9ae535258,Rahul Rajendran,sasfasf
38faf530-dc2c-4837-91d7-46ecf55d8484,Rahul Rajendran,dsfdf
8894bea8-a3fc-4604-858d-d0e405e0d378,Rahul Rajendran,asdasd
879372a4-74ae-4d5a-8cbf-8c9e99001634,Rahul Rajendran,qwewe
ab63f9ba-f8fe-4483-915a-5ef321eeb3d9,Rahul Rajendran,wewewq
853107ba-29d4-4da0-b9c5-3cbfbcb1816b,Rahul Rajendran,asdasd
26f378db-1cf2-4992-af5d-34ba0354fd9b,Rahul Rajendran,dsfdfdsf
