UID,Name,Comment
ac27e85e-e8c9-4e86-99ff-79b70bb6b659,dfdfds,dgdgdsgdsg
ac4a90d7-d58f-4387-b089-04ec277b5d07,dfhfhdfh,etewtetw
4a94faa4-379d-4a00-91a0-18b75aa557a9,Rahul Rajendran,sdasdsad
978d91b2-a9b5-4e7d-92e3-2d197deb60d2,Rahul Rajendran,asdadf
13f39b36-46af-4c20-9dbf-96fffcb768e6,Rahul Rajendran,sdfgdsg
884f3772-40c6-4b44-a603-799198b1ac91,Rahul Rajendran,afda
63b60d5e-0d8e-4cbb-8ab7-20153035a719,Rahul qwrqrwq,safsfsa
0657719e-b427-4941-9ec4-c9a85fa7d2e1,Rahul,sfsafasfa
22cbe44b-dd02-414f-8ec4-02e803258edc,Rahul Rajendran,wwqe
7114cb23-9a8e-4cb9-bbdb-b02351e9bb6f,hh,dadasd
1e3dccb3-1c3f-49ee-9c61-3a370873fb6a,Rahul,sdasdasd
62d197ed-f699-4e38-9554-ad2ef10bd4ce,hh,adsfafa
bc090a31-c074-48cf-b04d-b2649359428f,rhrgfd,dadsadd
